layer,module,loss,samples,damp,time
0,attention.query_key_value,0.0003318769,0.10000,2.121
0,attention.dense,0.0000017820,0.10000,0.820
0,mlp.dense_h_to_4h,0.0001201807,0.10000,0.902
0,mlp.dense_4h_to_h,0.0000026145,0.10000,3.663
1,attention.query_key_value,0.0003104373,0.10000,0.873
1,attention.dense,0.0000021331,0.10000,0.842
1,mlp.dense_h_to_4h,0.0005823592,0.10000,0.895
1,mlp.dense_4h_to_h,0.0000043581,0.10000,3.509
2,attention.query_key_value,0.0003596857,0.10000,0.860
2,attention.dense,0.0000043155,0.10000,0.857
2,mlp.dense_h_to_4h,0.0004828414,0.10000,0.925
2,mlp.dense_4h_to_h,0.0000077956,0.10000,3.453
3,attention.query_key_value,0.0003417417,0.10000,0.847
3,attention.dense,0.0000082613,0.10000,0.818
3,mlp.dense_h_to_4h,0.0003741604,0.10000,0.882
3,mlp.dense_4h_to_h,0.0000085954,0.10000,3.558
4,attention.query_key_value,0.0005887859,0.10000,0.865
4,attention.dense,0.0000049926,0.10000,0.840
4,mlp.dense_h_to_4h,0.0002923019,0.10000,0.918
4,mlp.dense_4h_to_h,0.0000086994,0.10000,3.543
5,attention.query_key_value,0.0007539448,0.10000,0.885
5,attention.dense,0.0000081748,0.10000,0.822
5,mlp.dense_h_to_4h,0.0002882106,0.10000,0.947
5,mlp.dense_4h_to_h,0.0000103409,0.10000,3.524
6,attention.query_key_value,0.0013087888,0.10000,0.898
6,attention.dense,0.0000084602,0.10000,0.838
6,mlp.dense_h_to_4h,0.0003009946,0.10000,0.929
6,mlp.dense_4h_to_h,0.0000106986,0.10000,3.612
7,attention.query_key_value,0.0037464809,0.10000,0.900
7,attention.dense,0.0000139871,0.10000,0.816
7,mlp.dense_h_to_4h,0.0003352494,0.10000,0.916
7,mlp.dense_4h_to_h,0.0000153885,0.10000,3.570
8,attention.query_key_value,0.0128940605,0.10000,0.891
8,attention.dense,0.0000210309,0.10000,0.833
8,mlp.dense_h_to_4h,0.0003822416,0.10000,0.933
8,mlp.dense_4h_to_h,0.0000232070,0.10000,3.463
9,attention.query_key_value,0.0234129764,0.10000,0.895
9,attention.dense,0.0000094147,0.10000,0.824
9,mlp.dense_h_to_4h,0.0004238463,0.10000,0.919
9,mlp.dense_4h_to_h,0.0000336399,0.10000,3.494
10,attention.query_key_value,0.0564786755,0.10000,0.897
10,attention.dense,0.0000059954,0.10000,0.820
10,mlp.dense_h_to_4h,0.0004022434,0.10000,0.962
10,mlp.dense_4h_to_h,0.0000476398,0.10000,3.597
11,attention.query_key_value,0.0436234772,0.10000,0.946
11,attention.dense,0.0000056935,0.10000,0.798
11,mlp.dense_h_to_4h,0.0004439198,0.10000,0.923
11,mlp.dense_4h_to_h,0.0000783442,0.10000,3.665
